{
  "psnr_y": 33.513799685939645,
  "ssim_y": 0.9247275094191233,
  "psnr_rgb": 30.92403342927186,
  "ssim_rgb": 0.8804242511590322,
  "diff_energy": 0.017497349565383048,
  "tpsnr": 37.60042809444149
}
