{
  "psnr_y": 29.298864978912132,
  "ssim_y": 0.8531811783711115,
  "psnr_rgb": 25.58405678460996,
  "ssim_rgb": 0.7553034702936808,
  "diff_energy": 0.013409953005611897,
  "tpsnr": 37.60050081618391
}
