{
  "psnr_y": 36.00388090029631,
  "ssim_y": 0.9464492698510488,
  "psnr_rgb": 34.25254414404327,
  "ssim_rgb": 0.9355336013767455,
  "diff_energy": 0.03659542102832347,
  "tpsnr": 31.19571209448492
}
