{
  "psnr_y": 10.577500938511795,
  "ssim_y": 0.3566082672526439,
  "psnr_rgb": 9.63585873588588,
  "ssim_rgb": 0.12187004699889156,
  "diff_energy": 0.0014575288272074733,
  "tpsnr": 50.50709012486586
}
