{
  "psnr_y": 14.412616989670312,
  "ssim_y": 0.16849406879572643,
  "psnr_rgb": 12.027358446714183,
  "ssim_rgb": 0.07395571213038195,
  "diff_energy": 0.014563755138725458,
  "tpsnr": 20.440900250548324
}
