{
  "psnr_y": 24.294822870765877,
  "ssim_y": 0.6716825804776616,
  "psnr_rgb": 20.584843722353313,
  "ssim_rgb": 0.5325924207766851,
  "diff_energy": 0.012566064804559574,
  "tpsnr": 34.83112971341095
}
