{
  "psnr_y": 32.37652697640478,
  "ssim_y": 0.8808339824279149,
  "psnr_rgb": 28.334248614550326,
  "ssim_rgb": 0.7746755292018255,
  "diff_energy": 0.01878503418993205,
  "tpsnr": 33.96083042769923,
  "target_diff_energy": 0.025108066760003565,
  "diff_energy_delta": -0.006323032570071519,
  "temporal_error_energy": 0.014509365579579025,
  "target_tpsnr": 34.71093966133324,
  "tpsnr_delta": -0.7501092336340202
}
