{
  "psnr_y": 38.326458281507556,
  "ssim_y": 0.9604440301656723,
  "psnr_rgb": 36.498113860185214,
  "ssim_rgb": 0.9505478322505951,
  "diff_energy": 0.02010125236120075,
  "tpsnr": 36.60180769614685,
  "target_diff_energy": 0.025108066760003565,
  "diff_energy_delta": -0.005006814398802817,
  "temporal_error_energy": 0.010499319760128856,
  "target_tpsnr": 34.71093966133324,
  "tpsnr_delta": 1.8908680348136009
}
