{
  "psnr_y": 36.803349295437854,
  "ssim_y": 0.9600626478592554,
  "psnr_rgb": 35.17889583055501,
  "ssim_rgb": 0.9510561645030975,
  "diff_energy": 0.02165543087758124,
  "tpsnr": 36.344055408879164,
  "target_diff_energy": 0.025108066760003565,
  "diff_energy_delta": -0.003452635882422328,
  "temporal_error_energy": 0.010800968145485968,
  "target_tpsnr": 34.71093966133324,
  "tpsnr_delta": 1.6331157475459168
}
