{
  "psnr_y": 32.37554189533965,
  "ssim_y": 0.880659515942846,
  "psnr_rgb": 28.328377682316177,
  "ssim_rgb": 0.7745337575674057,
  "diff_energy": 0.018284507006562003,
  "tpsnr": 33.881704452472505
}
