{
  "psnr_y": 36.803349295437854,
  "ssim_y": 0.9600626478592554,
  "psnr_rgb": 35.17889583055501,
  "ssim_rgb": 0.9510561645030975,
  "diff_energy": 0.02165543087758124,
  "tpsnr": 36.344055408879164
}
