{
  "psnr_y": 38.326458281507556,
  "ssim_y": 0.9604440301656723,
  "psnr_rgb": 36.498113860185214,
  "ssim_rgb": 0.9505478322505951,
  "diff_energy": 0.02010125236120075,
  "tpsnr": 36.60180769614685
}
